year,income
2023,43774.08932008571
2034,52887.20514753554
2045,62000.32097498537
2050,66142.64635109878
2009,32175.578266967786
